Class,#,Parameter Number,Random Forest,Morris,Parameter Name,Description,Getting values from SimLab in these treatments for Morris,Getting values from SimLab in these treatments for Sobol,Scaffold ABM Patameters,Default Value,Stored in,Type,Distribution,,,,,,Lower bound,,Upper bound,,,,,,,,,Stdev
Fibroblast,1,0,,,FibCytSynth1,Cytokine Synthesis: F1,VR&HAGtn,Always default,HAGtn,1,Fibroblast::cytokineSynthesis[1],float,"Lognormal(?: 1.01283523961156, ?: 1.0063971579906) on the interval [0.1, 10]",?:,1.01283523961156,?:,1.0063971579906,truncate values:,0.1,to,10,truncate percentage CDF:,0.000493255,to,0.9,SIMLAB truncation:,0.001,to,0.9,
Fibroblast,2,1,,,FibCytSynth2,Cytokine Synthesis: F2,VR&HAGtn,Always default,HAGtn,2,Fibroblast::cytokineSynthesis[2],float,"Lognormal(?: 1.7059824201715, ?: 1.0063971579906) on the interval [0.2, 20]",?:,1.7059824201715,?:,1.0063971579906,truncate values:,0.2,to,20,truncate percentage CDF:,0.000493255,to,0.9,SIMLAB truncation:,0.001,to,0.9,
Fibroblast,7,2,,,FibCytSynth7,Cytokine Synthesis: F7,VR&RV&SS&HAGtn,VR&RV&SS,HAGtn,10,Fibroblast::cytokineSynthesis[7],float,"Lognormal(?: 3.3154203326056, ?: 1.0063971579906) on the interval [1, 100]",?:,3.3154203326056,?:,1.0063971579906,truncate values:,1,to,100,truncate percentage CDF:,0.000493255,to,0.9,SIMLAB truncation:,0.001,to,0.9,
Fibroblast,8,3,,,FibCytSynth8,Cytokine Synthesis: F8,VR&RV&SS&HAGtn,VR&RV&SS,HAGtn,0.5,Fibroblast::cytokineSynthesis[8],float,"Lognormal(?: 0.31968805905161, ?: 1.0063971579906) on the interval [0.05, 5]",?:,0.31968805905161,?:,1.0063971579906,truncate values:,0.05,to,5,truncate percentage CDF:,0.000493255,to,0.9,SIMLAB truncation:,0.001,to,0.9,
Fibroblast,9,4,,,FibCytSynth9,Cytokine Synthesis: F9,VR&RV&SS&HAGtn,Always default,HAGtn,1,Fibroblast::cytokineSynthesis[9],float,"Lognormal(?: 1.01283523961156, ?: 1.0063971579906) on the interval [0.1, 10]",?:,1.01283523961156,?:,1.0063971579906,truncate values:,0.1,to,10,truncate percentage CDF:,0.000493255,to,0.9,SIMLAB truncation:,0.001,to,0.9,
Fibroblast,10,5,,,FibCytSynth10,Cytokine Synthesis: F10,VR&RV&SS&HAGtn,VR&RV&SS,HAGtn,5,Fibroblast::cytokineSynthesis[10],float,"Lognormal(?: 2.62227315204566, ?: 1.0063971579906) on the interval [0.5, 50]",?:,2.62227315204566,?:,1.0063971579906,truncate values:,0.5,to,50,truncate percentage CDF:,0.000493255,to,0.9,SIMLAB truncation:,0.001,to,0.9,
Fibroblast,11,6,,,FibCytSynth11,Cytokine Synthesis: F11,VR&HAGtn,Always default,HAGtn,0.01,Fibroblast::cytokineSynthesis[11],float,"Lognormal(?: -3.59233494637654, ?: 1.0063971579906) on the interval [0.001, 0.1]",?:,-3.59233494637654,?:,1.0063971579906,truncate values:,0.001,to,0.1,truncate percentage CDF:,0.000493255,to,0.9,SIMLAB truncation:,0.001,to,0.9,
Fibroblast,12,7,,,FibCytSynth12,Cytokine Synthesis: F12,VR&HAGtn,Always default,HAGtn,1,Fibroblast::cytokineSynthesis[12],float,"Lognormal(?: 1.01283523961156, ?: 1.0063971579906) on the interval [0.1, 10]",?:,1.01283523961156,?:,1.0063971579906,truncate values:,0.1,to,10,truncate percentage CDF:,0.000493255,to,0.9,SIMLAB truncation:,0.001,to,0.9,
Fibroblast,13,8,,,FibCytSynth13,Cytokine Synthesis: F13,VR&HAGtn,Always default,HAGtn,1,Fibroblast::cytokineSynthesis[13],float,"Lognormal(?: 1.01283523961156, ?: 1.0063971579906) on the interval [0.1, 10]",?:,1.01283523961156,?:,1.0063971579906,truncate values:,0.1,to,10,truncate percentage CDF:,0.000493255,to,0.9,SIMLAB truncation:,0.001,to,0.9,
Fibroblast,26,9,,,FibCytSynth26,Cytokine Synthesis: F26,VR&HAGtn,Always default,HAGtn,1,Fibroblast::cytokineSynthesis[26],float,"Lognormal(?: 1.01283523961156, ?: 1.0063971579906) on the interval [0.1, 10]",?:,1.01283523961156,?:,1.0063971579906,truncate values:,0.1,to,10,truncate percentage CDF:,0.000493255,to,0.9,SIMLAB truncation:,0.001,to,0.9,
Fibroblast,27,10,,,FibCytSynth27,Cytokine Synthesis: F27,VR&HAGtn,Always default,HAGtn,1,Fibroblast::cytokineSynthesis[27],float,"Lognormal(?: 1.01283523961156, ?: 1.0063971579906) on the interval [0.1, 10]",?:,1.01283523961156,?:,1.0063971579906,truncate values:,0.1,to,10,truncate percentage CDF:,0.000493255,to,0.9,SIMLAB truncation:,0.001,to,0.9,
WHWorld,,11,,,WhThreshTNFdam,TNF damage threshold,VR&RV&SS&HAGtn,Always default,HAGtn,10,WHWorld::thresholdTNFdamage,float,"Lognormal(?: 3.3154203326056, ?: 1.0063971579906) on the interval [1, 100]",?:,3.3154203326056,?:,1.0063971579906,truncate values:,1,to,100,truncate percentage CDF:,0.000493255,to,0.9,SIMLAB truncation:,0.001,to,0.9,
Fibroblast,0,12,,,FibActivat0,Threshold of patch TGF for fibroblast activation,VR&RV&SS&HAGtn,Always default,HAGtn,500,Fibroblast::activation[0],float,"Lognormal(?: 7.22744333803375, ?: 1.0063971579906) on the interval [50, 5000]",?:,7.22744333803375,?:,1.0063971579906,truncate values:,50,to,5000,truncate percentage CDF:,0.000493255,to,0.9,SIMLAB truncation:,0.001,to,0.9,
Fibroblast,1,13,,,FibActivat1,Random chance in fibroblast activation,VR&RV&SS&HAGtn,Always default,HAGtn,0.5,Fibroblast::activation[1],float,"Lognormal(?: 0.31968805905161, ?: 1.0063971579906) on the interval [0.05, 5]",?:,0.31968805905161,?:,1.0063971579906,truncate values:,0.05,to,5,truncate percentage CDF:,0.000493255,to,0.9,SIMLAB truncation:,0.001,to,0.9,
Fibroblast,2,14,,,FibActivat2,Threshold of patch TGF for fibroblast activation,VR&RV&SS&HAGtn,Always default,HAGtn,25,Fibroblast::activation[2],float,"Lognormal(?: 4.23171106447976, ?: 1.0063971579906) on the interval [2.5, 250]",?:,4.23171106447976,?:,1.0063971579906,truncate values:,2.5,to,250,truncate percentage CDF:,0.000493255,to,0.9,SIMLAB truncation:,0.001,to,0.9,
Fibroblast,3,15,,,FibActivat3,Random chance in fibroblast activation,VR&RV&SS&HAGtn,VR,HAGtn,0.2,Fibroblast::activation[3],float,"Lognormal(?: -0.596602672822545, ?: 1.0063971579906) on the interval [0.02, 2]",?:,-0.596602672822545,?:,1.0063971579906,truncate values:,0.02,to,2,truncate percentage CDF:,0.000493255,to,0.9,SIMLAB truncation:,0.001,to,0.9,
Fibroblast,4,16,5,,FibActivat4,Random chance in fibroblast deactivation,VR&RV&SS&HAGtn,Always default,HAGtn,0.2,Fibroblast::activation[4],float,"Lognormal(?: -0.596602672822545, ?: 1.0063971579906) on the interval [0.02, 2]",?:,-0.596602672822545,?:,1.0063971579906,truncate values:,0.02,to,2,truncate percentage CDF:,0.000493255,to,0.9,SIMLAB truncation:,0.001,to,0.9,
Fibroblast,0,17,,,FibECMsynth0,Constant for log shift in collagen synthesis,VR&RV&SS&HAGtn,Always default,HAGtn,1,Fibroblast::ECMsynthesis[0],float,"Lognormal(?: 1.01283523961156, ?: 1.0063971579906) on the interval [0.1, 10]",?:,1.01283523961156,?:,1.0063971579906,truncate values:,0.1,to,10,truncate percentage CDF:,1.499506745,to,0.9,SIMLAB truncation:,1.5,to,0.9,
Fibroblast,1,18,2,,FibECMsynth1,Constant for log shift in collagen synthesis,VR&RV&SS&HAGtn,Always default,HAGtn,0.1,Fibroblast::ECMsynthesis[1],float,"Lognormal(?: 1.01283523961156, ?: 1.0063971579906) on the interval [0.1, 10]",?:,1.01283523961156,?:,1.0063971579906,truncate values:,0.1,to,10,truncate percentage CDF:,1.499506745,to,0.9,SIMLAB truncation:,1.5,to,0.9,
Fibroblast,2,19,,,FibECMsynth2,Percentage of mean IL8 in collagen synthesis,VR&RV&SS&HAGtn,Always default,HAGtn,0.01,Fibroblast::ECMsynthesis[2],float,"Lognormal(?: -3.59233494637654, ?: 1.0063971579906) on the interval [0.001, 0.1]",?:,-3.59233494637654,?:,1.0063971579906,truncate values:,0.001,to,0.1,truncate percentage CDF:,1.499506745,to,0.9,SIMLAB truncation:,1.5,to,0.9,
Fibroblast,3,20,,,FibECMsynth3,Random chance in collagen synthesis,VR&RV&SS&HAGtn,Always default,HAGtn,50,Fibroblast::ECMsynthesis[3],float,"Lognormal(?: 4.9248582450397, ?: 1.0063971579906) on the interval [5, 100]",?:,4.9248582450397,?:,1.0063971579906,truncate values:,5,to,100,truncate percentage CDF:,1.499506745,to,0.375372959,SIMLAB truncation:,1.5,to,0.375,
Fibroblast,4,21,,4,FibECMsynth4,Random chance in collagen synthesis,VR&RV&SS&HAGtn,Always default,HAGtn,25,Fibroblast::ECMsynthesis[4],float,"Lognormal(?: 4.23171106447976, ?: 1.0063971579906) on the interval [2.5, 100]",?:,4.23171106447976,?:,1.0063971579906,truncate values:,2.5,to,100,truncate percentage CDF:,1.499506745,to,0.644712974,SIMLAB truncation:,1.5,to,0.645,
Fibroblast,5,22,,,FibECMsynth5,Random chance in collagen synthesis,VR&RV&SS&HAGtn,Always default,HAGtn,2,Fibroblast::ECMsynthesis[5],float,"Lognormal(?: 1.7059824201715, ?: 1.0063971579906) on the interval [0.2, 20]",?:,1.7059824201715,?:,1.0063971579906,truncate values:,0.2,to,20,truncate percentage CDF:,1.499506745,to,0.9,SIMLAB truncation:,1.5,to,0.9,
Fibroblast,6,23,,,FibECMsynth6,Random chance in collagen synthesis,VR&RV&SS&HAGtn,Always default,HAGtn,10,Fibroblast::ECMsynthesis[6],float,"Lognormal(?: 3.3154203326056, ?: 1.0063971579906) on the interval [1, 100]",?:,3.3154203326056,?:,1.0063971579906,truncate values:,1,to,100,truncate percentage CDF:,1.499506745,to,0.9,SIMLAB truncation:,1.5,to,0.9,
Fibroblast,7,24,4,,FibECMsynth7,Random chance in collagen synthesis,VR&RV&SS&HAGtn,Always default,HAGtn,5,Fibroblast::ECMsynthesis[7],float,"Lognormal(?: 2.62227315204566, ?: 1.0063971579906) on the interval [0.5, 50]",?:,2.62227315204566,?:,1.0063971579906,truncate values:,0.5,to,50,truncate percentage CDF:,1.499506745,to,0.9,SIMLAB truncation:,1.5,to,0.9,
Fibroblast,8,25,3,,FibECMsynth8,Constant for log shift in elastin synthesis,VR&RV&SS&HAGtn,Always default,HAGtn,1,Fibroblast::ECMsynthesis[8],float,"Lognormal(?: 1.01283523961156, ?: 1.0063971579906) on the interval [0.1, 10]",?:,1.01283523961156,?:,1.0063971579906,truncate values:,0.1,to,10,truncate percentage CDF:,1.499506745,to,0.9,SIMLAB truncation:,1.5,to,0.9,
Fibroblast,9,26,,,FibECMsynth9,Constant for log shift in elastin synthesis,VR&RV&SS&HAGtn,Always default,HAGtn,0.1,Fibroblast::ECMsynthesis[9],float,"Lognormal(?: 1.01283523961156, ?: 1.0063971579906) on the interval [0.1, 10]",?:,1.01283523961156,?:,1.0063971579906,truncate values:,0.1,to,10,truncate percentage CDF:,1.499506745,to,0.9,SIMLAB truncation:,1.5,to,0.9,
Fibroblast,10,27,,,FibECMsynth10,Random chance in elastin synthesis,VR&RV&SS&HAGtn,Always default,HAGtn,25,Fibroblast::ECMsynthesis[10],float,"Lognormal(?: 4.23171106447976, ?: 1.0063971579906) on the interval [2.5, 100]",?:,4.23171106447976,?:,1.0063971579906,truncate values:,2.5,to,100,truncate percentage CDF:,1.499506745,to,0.644712974,SIMLAB truncation:,1.5,to,0.645,
Fibroblast,11,28,,,FibECMsynth11,Random chance in elastin synthesis,VR&RV&SS&HAGtn,Always default,HAGtn,2,Fibroblast::ECMsynthesis[11],float,"Lognormal(?: 1.7059824201715, ?: 1.0063971579906) on the interval [0.2, 20]",?:,1.7059824201715,?:,1.0063971579906,truncate values:,0.2,to,20,truncate percentage CDF:,1.499506745,to,0.9,SIMLAB truncation:,1.5,to,0.9,
Fibroblast,12,29,,,FibECMsynth12,Constant for log shift in hyaluronan synthesis,VR&RV&SS&HAGtn,Always default,HAGtn,1,Fibroblast::ECMsynthesis[12],float,"Lognormal(?: 1.01283523961156, ?: 1.0063971579906) on the interval [0.1, 10]",?:,1.01283523961156,?:,1.0063971579906,truncate values:,0.1,to,10,truncate percentage CDF:,1.499506745,to,0.9,SIMLAB truncation:,1.5,to,0.9,
Fibroblast,13,30,,,FibECMsynth13,Constant for log shift in hyaluronan synthesis,VR&RV&SS&HAGtn,Always default,HAGtn,0.1,Fibroblast::ECMsynthesis[13],float,"Lognormal(?: 1.01283523961156, ?: 1.0063971579906) on the interval [0.1, 10]",?:,1.01283523961156,?:,1.0063971579906,truncate values:,0.1,to,10,truncate percentage CDF:,1.499506745,to,0.9,SIMLAB truncation:,1.5,to,0.9,
Fibroblast,14,31,,,FibECMsynth14,Random chance in hyaluronan synthesis,VR&RV&SS&HAGtn,Always default,HAGtn,50,Fibroblast::ECMsynthesis[14],float,"Lognormal(?: 4.9248582450397, ?: 1.0063971579906) on the interval [5, 100]",?:,4.9248582450397,?:,1.0063971579906,truncate values:,5,to,100,truncate percentage CDF:,1.499506745,to,0.375372959,SIMLAB truncation:,1.5,to,0.375,
Fibroblast,15,32,,,FibECMsynth15,Random chance in hyaluronan synthesis,VR&RV&SS&HAGtn,Always default,HAGtn,5,Fibroblast::ECMsynthesis[15],float,"Lognormal(?: 2.62227315204566, ?: 1.0063971579906) on the interval [0.5, 50]",?:,2.62227315204566,?:,1.0063971579906,truncate values:,0.5,to,50,truncate percentage CDF:,1.499506745,to,0.9,SIMLAB truncation:,1.5,to,0.9,
Fibroblast,16,33,,5,FibECMsynth16,Random chance in hyaluronan synthesis,VR&RV&SS&HAGtn,Always default,HAGtn,10,Fibroblast::ECMsynthesis[16],float,"Lognormal(?: 3.3154203326056, ?: 1.0063971579906) on the interval [1, 100]",?:,3.3154203326056,?:,1.0063971579906,truncate values:,1,to,100,truncate percentage CDF:,1.499506745,to,0.9,SIMLAB truncation:,1.5,to,0.9,
Fibroblast,17,34,,,FibECMsynth17,Hours between collagen & elastin synthesis,VR&RV&SS&HAGtn,Always default,HAGtn,12,Fibroblast::ECMsynthesis[17],float,"Discrete (Every 0.5) on the interval [1.5, 120] based off of Lognormal(?: 3.49774188939956, ?: 1.0063971579906)",See sheet 3 for values and weights,,,,truncate values:,1.2,to,120,,,,,,,,,
Fibroblast,18,35,,,FibECMsynth18,Hours between hyaluronan synthesis,VR&RV&SS&HAGtn,Always default,HAGtn,1,Fibroblast::ECMsynthesis[18],float,"Discrete (Every 0.5) on the interval [0.5, 10] based off of Lognormal(?: 1.01283523961156, ?: 1.0063971579906)",See sheet 3 for values and weights,,,,truncate values:,0.1,to,10,,,,,,,,,
Fibroblast,0,36,,,FibProlif0,Hours between fibroblast proliferation,VR&RV&SS&HAGtn,Always default,HAGtn,24,Fibroblast::proliferation[0],float,"Discrete (Every 0.5) on the interval [2.5, 120] based off of Lognormal(?: 4.1908890699595, ?: 1.0063971579906)",See sheet 3 for values and weights,,,,truncate values:,2.4,to,120,,,,,,,,,
Fibroblast,1,37,,,FibProlif1,Threshold of mean TGF for fibroblast proliferation,VR&RV&SS&HAGtn,Always default,HAGtn,10,Fibroblast::proliferation[1],float,"Lognormal(?: 3.3154203326056, ?: 1.0063971579906) on the interval [1, 100]",?:,3.3154203326056,?:,1.0063971579906,truncate values:,1,to,100,truncate percentage CDF:,0.000493255,to,0.9,SIMLAB truncation:,0.001,to,0.9,
Fibroblast,2,38,1,,FibProlif2,Constant for log shift in fibroblast proliferation,VR&RV&SS&HAGtn,Always default,HAGtn,1,Fibroblast::proliferation[2],float,"Lognormal(?: 1.01283523961156, ?: 1.0063971579906) on the interval [0.1, 10]",?:,1.01283523961156,?:,1.0063971579906,truncate values:,0.1,to,10,truncate percentage CDF:,0.000493255,to,0.9,SIMLAB truncation:,0.001,to,0.9,
Fibroblast,3,39,,,FibProlif3,Constant for log shift in fibroblast proliferation,VR&RV&SS&HAGtn,Always default,HAGtn,0.1,Fibroblast::proliferation[3],float,"Lognormal(?: 1.01283523961156, ?: 1.0063971579906) on the interval [0.1, 10]",?:,1.01283523961156,?:,1.0063971579906,truncate values:,0.1,to,10,truncate percentage CDF:,0.000493255,to,0.9,SIMLAB truncation:,0.001,to,0.9,
Fibroblast,4,40,,2,FibProlif4,Random chance in fibroblast proliferation,VR&RV&SS&HAGtn,Always default,HAGtn,5,Fibroblast::proliferation[4],float,"Lognormal(?: 4.23171106447976, ?: 1.0063971579906) on the interval [2.5, 100]",?:,4.23171106447976,?:,1.0063971579906,truncate values:,0,to,50,truncate percentage CDF:,0.000493255,to,0.644712974,SIMLAB truncation:,0.001,to,0.645,
Fibroblast,5,41,,,FibProlif5,Random chance in fibroblast proliferation,VR&RV&SS&HAGtn,Always default,HAGtn,20,Fibroblast::proliferation[5],float,"Lognormal(?: 2.11144752827967, ?: 1.0063971579906) on the interval [0.3, 30]",?:,2.11144752827967,?:,1.0063971579906,truncate values:,5,to,50,truncate percentage CDF:,0.000493255,to,0.9,SIMLAB truncation:,0.001,to,0.9,
WHWorld,0,42,,,WHWor::ElasticMod0,Hydrogel Elastic Mod,HAGtn,Always default,HAGtn,7.07,WHWorld::ElasticMod[0],float,"Lognormal(?: -5.20177285881064, ?: 1.0063971579906) on the interval [0.0002, 0.02]",?:,-5.20177285881064,?:,1.0063971579906,truncate values:,0,to,129.97,truncate percentage CDF:,0.000493255,to,0.9,SIMLAB truncation:,0.001,to,0.9,122.9
WHWorld,1,43,6,,WHWor::ElasticMod1,Hydrogel Elastic Mod,HAGtn,Always default,HAGtn,1.94,WHWorld::ElasticMod[1],float,"Lognormal(?: 5.27269424031123, ?: 1.0063971579906) on the interval [7.08, 708]",?:,5.27269424031123,?:,1.0063971579906,truncate values:,0,to,121.94,truncate percentage CDF:,0.000493255,to,0.9,SIMLAB truncation:,0.001,to,0.9,120
WHWorld,2,44,,,WHWor::ElasticMod2,Hydrogel Elastic Mod,HAGtn,Always default,HAGtn,7.36,WHWorld::ElasticMod[2],float,"Lognormal(?: 3.94669210944746, ?: 1.0063971579906) on the interval [1.88, 188]",?:,3.94669210944746,?:,1.0063971579906,truncate values:,0,to,88.43,truncate percentage CDF:,0.000493255,to,0.9,SIMLAB truncation:,0.001,to,0.9,81.07
WHWorld,3,45,,,WHWor::ElasticMod3,Hydrogel Elastic Mod,HAGtn,Always default,HAGtn,3321,WHWorld::ElasticMod[3],float,"Lognormal(?: 6.78053104001141, ?: 1.0063971579906) on the interval [31.98, 3198]",?:,6.78053104001141,?:,1.0063971579906,truncate values:,1420,to,5222,truncate percentage CDF:,0.000493255,to,0.9,SIMLAB truncation:,0.001,to,0.9,1901
WHWorld,4,46,,,WHWor::ElasticMod4,Hydrogel Elastic Mod,HAGtn,Always default,HAGtn,700,WHWorld::ElasticMod[4],float,"Lognormal(?: 1.19515679640551, ?: 1.0063971579906) on the interval [0.12, 12]",?:,1.19515679640551,?:,1.0063971579906,truncate values:,0,to,2006,truncate percentage CDF:,0.000493255,to,0.9,SIMLAB truncation:,0.001,to,0.9,1306
WHWorld,5,47,,3,WHWor::ElasticMod5,Hydrogel Elastic Mod,HAGtn,Always default,HAGtn,2068,WHWorld::ElasticMod[6],float,"Lognormal(?: 2.92975785179362, ?: 1.0063971579906) on the interval [0.68, 68]",?:,2.92975785179362,?:,1.0063971579906,truncate values:,0,to,9639,truncate percentage CDF:,0.000493255,to,0.9,SIMLAB truncation:,0.001,to,0.9,7571
WHWorld,0,48,,,WHWord::XLDensity0,Hydrogel Crosslink Density,HAGtn,Always default,HAGtn,2.3,WHWorld::XLDensity[0],float,"Lognormal(?: 1.84574436254666, ?: 1.0063971579906) on the interval [0.23, 23]",?:,1.84574436254666,?:,1.0063971579906,truncate values:,0.23,to,23,truncate percentage CDF:,0.000493255,to,0.9,SIMLAB truncation:,0.001,to,0.9,
WHWorld,1,49,,,WHWord::XLDensity1,Hydrogel Crosslink Density,HAGtn,Always default,HAGtn,10.1,WHWorld::XLDensity[1],float,"Lognormal(?: 3.32537066345877, ?: 1.0063971579906) on the interval [1.01, 101]",?:,3.32537066345877,?:,1.0063971579906,truncate values:,1.01,to,101,truncate percentage CDF:,0.000493255,to,0.9,SIMLAB truncation:,0.001,to,0.9,
WHWorld,0,50,,,WHWor::SwellRatio0,Hydrogel Swelling Ratio,HAGtn,Always default,HAGtn,0.4,WHWorld::SwellRatio[0],float,"Lognormal(?: 0.0965445077374006, ?: 1.0063971579906) on the interval [0.04, 4]",?:,0.0965445077374006,?:,1.0063971579906,truncate values:,0.04,to,4,truncate percentage CDF:,0.000493255,to,0.9,SIMLAB truncation:,0.001,to,0.9,
WHWorld,1,51,,,WHWor::SwellRatio1,Hydrogel Swelling Ratio,HAGtn,Always default,HAGtn,0.4,WHWorld::SwellRatio[1],float,"Lognormal(?: 0.0965445077374006, ?: 1.0063971579906) on the interval [0.04, 4]",?:,0.0965445077374006,?:,1.0063971579906,truncate values:,0.04,to,4,truncate percentage CDF:,0.000493255,to,0.9,SIMLAB truncation:,0.001,to,0.9,
WHWorld,2,52,,,WHWor::SwellRatio2,Hydrogel Swelling Ratio,HAGtn,Always default,HAGtn,3,WHWorld::SwellRatio[2],float,"Lognormal(?: 2.11144752827967, ?: 1.0063971579906) on the interval [0.3, 30]",?:,2.11144752827967,?:,1.0063971579906,truncate values:,0.3,to,30,truncate percentage CDF:,0.000493255,to,0.9,SIMLAB truncation:,0.001,to,0.9,
WHWorld,3,53,,,WHWor::SwellRatio3,Hydrogel Swelling Ratio,HAGtn,Always default,HAGtn,7.9,WHWorld::SwellRatio[3],float,"Lognormal(?: 3.07969799908453, ?: 1.0063971579906) on the interval [0.79, 79]",?:,3.07969799908453,?:,1.0063971579906,truncate values:,0.79,to,79,truncate percentage CDF:,0.000493255,to,0.9,SIMLAB truncation:,0.001,to,0.9,
WHWorld,4,54,,,WHWor::SwellRatio4,Hydrogel Swelling Ratio,HAGtn,Always default,HAGtn,1400,WHWorld::SwellRatio[4],float,"Lognormal(?: 8.25706275521491, ?: 1.0063971579906) on the interval [140, 14000]",?:,8.25706275521491,?:,1.0063971579906,truncate values:,140,to,14000,truncate percentage CDF:,0.000493255,to,0.9,SIMLAB truncation:,0.001,to,0.9,
WHWorld,0,55,,,WHWorld::MassLoss0,Hydrogel Mass Loss,HAGtn,Always default,HAGtn,7.8,WHWorld::MassLoss[0],float,"Lognormal(?: 3.0669589733071, ?: 1.0063971579906) on the interval [0.78, 78]",?:,3.0669589733071,?:,1.0063971579906,truncate values:,0.78,to,78,truncate percentage CDF:,0.000493255,to,0.9,SIMLAB truncation:,0.001,to,0.9,
WHWorld,1,56,,,WHWorld::MassLoss1,Hydrogel Mass Loss,HAGtn,Always default,HAGtn,0.3,WHWorld::MassLoss[1],float,"Lognormal(?: -0.19113756471438, ?: 1.0063971579906) on the interval [0.03, 3]",?:,-0.19113756471438,?:,1.0063971579906,truncate values:,0.03,to,3,truncate percentage CDF:,0.000493255,to,0.9,SIMLAB truncation:,0.001,to,0.9,
WHWorld,2,57,,,WHWorld::MassLoss2,Hydrogel Mass Loss,HAGtn,Always default,HAGtn,66,WHWorld::MassLoss[2],float,"Lognormal(?: 5.20248998163798, ?: 1.0063971579906) on the interval [6.6, 660]",?:,5.20248998163798,?:,1.0063971579906,truncate values:,6.6,to,660,truncate percentage CDF:,0.000493255,to,0.9,SIMLAB truncation:,0.001,to,0.9,
WHWorld,3,58,,,WHWorld::MassLoss3,Hydrogel Mass Loss,HAGtn,Always default,HAGtn,5.3,WHWorld::MassLoss[3],float,"Lognormal(?: 2.68054206016963, ?: 1.0063971579906) on the interval [0.53, 53]",?:,2.68054206016963,?:,1.0063971579906,truncate values:,0.53,to,53,truncate percentage CDF:,0.000493255,to,0.9,SIMLAB truncation:,0.001,to,0.9,
WHWorld,0,59,,,WHWorld::PoreSize0,Hydrogel Swelling Ratio,HAGtn,Always default,HAGtn,345.2,WHWorld::PoreSize[0],float,"Lognormal(?: 1.01283523961156, ?: 1.0063971579906) on the interval [0.1, 10]",?:,1.01283523961156,?:,1.0063971579906,truncate values:,34.5,to,3452,truncate percentage CDF:,0.000493255,to,0.9,SIMLAB truncation:,0.001,to,0.9,
WHWorld,1,60,,,WHWorld::PoreSize1,Hydrogel Swelling Ratio,HAGtn,Always default,HAGtn,309.9,WHWorld::PoreSize[1],float,"Lognormal(?: 6.74908490440526, ?: 1.0063971579906) on the interval [30.99, 3099]",?:,6.74908490440526,?:,1.0063971579906,truncate values:,30.99,to,3099,truncate percentage CDF:,0.000493255,to,0.9,SIMLAB truncation:,0.001,to,0.9,
WHWorld,2,61,,,WHWorld::PoreSize2,Hydrogel Swelling Ratio,HAGtn,Always default,HAGtn,138.1,WHWorld::PoreSize[2],float,"Lognormal(?: 5.9408133000268, ?: 1.0063971579906) on the interval [13.81, 1381]",?:,5.9408133000268,?:,1.0063971579906,truncate values:,13.81,to,1381,truncate percentage CDF:,0.000493255,to,0.9,SIMLAB truncation:,0.001,to,0.9,
Agent,0,62,,,AgentollagenSynt0,Fibroblast Collagen Production,HAGtn,Always default,HAGtn,8922,Agent::CollagenSynth[0],float,"Lognormal(?: -4.79630775070247, ?: 1.0063971579906) on the interval [0.0003, 0.03]",?:,-4.79630775070247,?:,1.0063971579906,truncate values:,0.00E+00,to,104008922,truncate percentage CDF:,0.000493255,to,0.9,SIMLAB truncation:,0.001,to,0.9,1.04E+08
Agent,1,63,,,AgentollagenSynth1,Fibroblast Collagen Production,HAGtn,Always default,HAGtn,25.54,Agent::CollagenSynth[1],float,"Lognormal(?: 3.70068273339625, ?: 1.0063971579906) on the interval [1.47, 147]",?:,3.70068273339625,?:,1.0063971579906,truncate values:,0.00E+00,to,2600223,truncate percentage CDF:,0.000493255,to,0.9,SIMLAB truncation:,0.001,to,0.9,7.20E+10
Agent,2,64,,,AgentollagenSynth2,Fibroblast Collagen Production,HAGtn,Always default,HAGtn,0.02429,Agent::CollagenSynth[2],float,"Lognormal(?: 4.27859465037861, ?: 1.0063971579906) on the interval [2.62, 262]",?:,4.27859465037861,?:,1.0063971579906,truncate values:,1.74E-02,to,0.03118,truncate percentage CDF:,0.000493255,to,0.9,SIMLAB truncation:,0.001,to,0.9,6.89E-03
Agent,0,65,,,AgentElastinSynth0,Fibroblast Elastin Production,HAGtn,Always default,HAGtn,183.4,Agent::ElastinSynth[0],float,"Lognormal(?: -8.70833075613062, ?: 1.0063971579906) on the interval [0.000006, 0.0006]",?:,-8.70833075613062,?:,1.0063971579906,truncate values:,0.00E+00,to,158183.4,truncate percentage CDF:,0.000493255,to,0.9,SIMLAB truncation:,0.001,to,0.9,1.58E+05
Agent,1,66,,,AgentElastinSynth1,Fibroblast Elastin Production,HAGtn,Always default,HAGtn,0.4702,Agent::ElastinSynth[1],float,"Lognormal(?: 5.28113310895709, ?: 1.0063971579906) on the interval [7.14, 714]",?:,5.28113310895709,?:,1.0063971579906,truncate values:,0.00E+00,to,3954,truncate percentage CDF:,0.000493255,to,0.9,SIMLAB truncation:,0.001,to,0.9,1.09E+08
Agent,0,67,,,Agentent::HASynth0,Fibroblast sGAG Production,HAGtn,Always default,HAGtn,16.68,Agent::HASynth[0],float,"Lognormal(?: 1.19515679640551, ?: 1.0063971579906) on the interval [0.12, 12]",?:,1.19515679640551,?:,1.0063971579906,truncate values:,0.00E+00,to,63116.68,truncate percentage CDF:,0.000493255,to,0.9,SIMLAB truncation:,0.001,to,0.9,6.31E+04
Agent,1,68,,,Agentent::HASynth1,Fibroblast sGAG Production,HAGtn,Always default,HAGtn,0.09942,Agent::HASynth[1],float,"Lognormal(?: -3.59233494637654, ?: 1.0063971579906) on the interval [0.001, 0.1]",?:,-3.59233494637654,?:,1.0063971579906,truncate values:,0.00E+00,to,1577,truncate percentage CDF:,0.000493255,to,0.9,SIMLAB truncation:,0.001,to,0.9,4.36E+07
Agent,0,69,,,Agent:HAGtnProlif0,Fibroblast Proliferation Rate,HAGtn,Always default,HAGtn,12,Agent::HAGtnProlif[0],float,"Lognormal(?: 3.49774188939956, ?: 1.0063971579906) on the interval [1.2, 120]",?:,3.49774188939956,?:,1.0063971579906,truncate values:,1.2,to,120,truncate percentage CDF:,0.000493255,to,0.9,SIMLAB truncation:,0.001,to,0.9,
Agent,1,70,,,Agent:HAGtnProlif1,Fibroblast Proliferation Rate,HAGtn,Always default,HAGtn,11.8,Agent::HAGtnProlif[1],float,"Lognormal(?: 3.48093477108318, ?: 1.0063971579906) on the interval [1.18, 118]",?:,3.48093477108318,?:,1.0063971579906,truncate values:,1.18,to,118,truncate percentage CDF:,0.000493255,to,0.9,SIMLAB truncation:,0.001,to,0.9,
Agent,2,71,,,Agent:HAGtnProlif2,Fibroblast Proliferation Rate,HAGtn,Always default,HAGtn,21.5,Agent::HAGtnProlif[2],float,"Lognormal(?: 4.08088817474517, ?: 1.0063971579906) on the interval [2.15, 215]",?:,4.08088817474517,?:,1.0063971579906,truncate values:,2.15,to,215,truncate percentage CDF:,0.000493255,to,0.9,SIMLAB truncation:,0.001,to,0.9,
Agent,3,72,,1,Agent:HAGtnProlif3,Fibroblast Proliferation Rate,HAGtn,Always default,HAGtn,20,Agent::HAGtnProlif[3],float,"Lognormal(?: 4.00856751316555, ?: 1.0063971579906) on the interval [2, 200]",?:,4.00856751316555,?:,1.0063971579906,truncate values:,2,to,200,truncate percentage CDF:,0.000493255,to,0.9,SIMLAB truncation:,0.001,to,0.9,
Agent,0,73,,,AgentGtnViability0,Fibroblast Viability,HAGtn,Always default,HAGtn,0.75,Agent::HAGtnViability[0],float,"Lognormal(?: 0.725153167159775, ?: 1.0063971579906) on the interval [0.075, 7.5]",?:,0.725153167159775,?:,1.0063971579906,truncate values:,0.075,to,7.5,truncate percentage CDF:,0.000493255,to,0.9,SIMLAB truncation:,0.001,to,0.9,
Agent,1,74,,,AgentGtnViability1,Fibroblast Viability,HAGtn,Always default,HAGtn,61.75,Agent::HAGtnViability[1],float,"Lognormal(?: 5.13592921511964, ?: 1.0063971579906) on the interval [6.175, 617.5]",?:,5.13592921511964,?:,1.0063971579906,truncate values:,6.175,to,617.5,truncate percentage CDF:,0.000493255,to,0.9,SIMLAB truncation:,0.001,to,0.9,
